,clstr_a,clstr_b,movie_id,cos_smltd,vecino_id
0.0,1.0,3.0,3529,0.21303343979363867,14589
0.0,1.0,3.0,3529,0.19703573338799713,14595
0.0,1.0,3.0,3529,0.18566577566936962,33391
0.0,1.0,3.0,3529,0.17295238658309306,14594
0.0,1.0,3.0,3529,0.16701933303135166,47401
1.0,1.0,3.0,15947,0.07724347725304964,61546
1.0,1.0,3.0,15947,0.06688029578879956,20417
1.0,1.0,3.0,15947,0.06523268608865451,14594
1.0,1.0,3.0,15947,0.06318402578835035,184328
1.0,1.0,3.0,15947,0.061757548156631335,44173
2.0,1.0,3.0,229,0.28486115238696796,3076
2.0,1.0,3.0,229,0.2468330322235886,3077
2.0,1.0,3.0,229,0.20876292963781007,3103
2.0,1.0,3.0,229,0.19577054104894911,3074
2.0,1.0,3.0,229,0.19145807595685832,3035
3.0,1.0,3.0,3170,0.11932072614028298,43464
3.0,1.0,3.0,3170,0.10709512659087933,33389
3.0,1.0,3.0,3170,0.09253627337666179,11972
3.0,1.0,3.0,3170,0.07992418754544156,40044
3.0,1.0,3.0,3170,0.07736779096174921,82088
4.0,1.0,3.0,244,0.245803725709506,43149
4.0,1.0,3.0,244,0.22164261931076237,307
4.0,1.0,3.0,244,0.15135126319542638,23336
4.0,1.0,3.0,244,0.15006108053785633,159849
4.0,1.0,3.0,244,0.14444647532389787,55603
5.0,1.0,3.0,29242,0.20533500831796303,31498
5.0,1.0,3.0,29242,0.16528634554867172,29239
5.0,1.0,3.0,29242,0.14846184424133596,29243
5.0,1.0,3.0,29242,0.13213892429989144,11972
5.0,1.0,3.0,29242,0.12767071529635055,4558
6.0,1.0,3.0,29243,0.4644488309189685,29239
6.0,1.0,3.0,29243,0.4115637275305549,31498
6.0,1.0,3.0,29243,0.161332254944532,33390
6.0,1.0,3.0,29243,0.14846184424133596,29242
6.0,1.0,3.0,29243,0.12223955700947042,4558
7.0,1.0,3.0,31498,0.4115637275305549,29243
7.0,1.0,3.0,31498,0.3516511446996397,29239
7.0,1.0,3.0,31498,0.20533500831796303,29242
7.0,1.0,3.0,31498,0.1909544530861937,33390
7.0,1.0,3.0,31498,0.17778957092892517,11972
8.0,1.0,3.0,29239,0.4644488309189685,29243
8.0,1.0,3.0,29239,0.3516511446996397,31498
8.0,1.0,3.0,29239,0.16528634554867172,29242
8.0,1.0,3.0,29239,0.1433781093919959,33390
8.0,1.0,3.0,29239,0.12100407889478326,27503
9.0,1.0,3.0,138,0.22161573109423813,30793
9.0,1.0,3.0,138,0.17230601504626128,3103
9.0,1.0,3.0,138,0.11711761253248984,229
9.0,1.0,3.0,138,0.10132980120781676,307
9.0,1.0,3.0,138,0.09329792476774318,23336
10.0,1.0,3.0,30793,0.22161573109423813,138
10.0,1.0,3.0,30793,0.21463302583295513,3103
10.0,1.0,3.0,30793,0.14712098504219334,13666
10.0,1.0,3.0,30793,0.14411985293885304,3077
10.0,1.0,3.0,30793,0.11586040698144977,90465
11.0,1.0,3.0,3103,0.2658377718912309,3077
11.0,1.0,3.0,3103,0.21463302583295513,30793
11.0,1.0,3.0,3103,0.20876292963781007,229
11.0,1.0,3.0,3103,0.17230601504626128,138
11.0,1.0,3.0,3103,0.15170052105676096,3076
12.0,1.0,3.0,3035,0.23134521267505928,3077
12.0,1.0,3.0,3035,0.19320636731886068,3076
12.0,1.0,3.0,3035,0.19145807595685832,229
12.0,1.0,3.0,3035,0.1879414007035535,3074
12.0,1.0,3.0,3035,0.1358879606743522,128854
13.0,1.0,3.0,3077,0.2733161184531523,3074
13.0,1.0,3.0,3077,0.2658377718912309,3103
13.0,1.0,3.0,3077,0.2618033073969511,3076
13.0,1.0,3.0,3077,0.2468330322235886,229
13.0,1.0,3.0,3077,0.23134521267505928,3035
14.0,1.0,3.0,3074,0.2733161184531523,3077
14.0,1.0,3.0,3074,0.20614774840747155,3076
14.0,1.0,3.0,3074,0.19577054104894911,229
14.0,1.0,3.0,3074,0.1879414007035535,3035
14.0,1.0,3.0,3074,0.13455792512685036,55603
15.0,1.0,3.0,3076,0.28486115238696796,229
15.0,1.0,3.0,3076,0.2618033073969511,3077
15.0,1.0,3.0,3076,0.20614774840747155,3074
15.0,1.0,3.0,3076,0.20027898198969357,11972
15.0,1.0,3.0,3076,0.19738125676667823,252916
16.0,1.0,3.0,32023,0.158051354073408,23280
16.0,1.0,3.0,32023,0.1373417136656452,11972
16.0,1.0,3.0,32023,0.1282182587579017,38461
16.0,1.0,3.0,32023,0.11895291101772777,31498
16.0,1.0,3.0,32023,0.11629584066501583,29328
17.0,1.0,3.0,13666,0.17452121376161783,33391
17.0,1.0,3.0,13666,0.14712098504219334,30793
17.0,1.0,3.0,13666,0.14032151274800952,3077
17.0,1.0,3.0,13666,0.13747222466667128,18992
17.0,1.0,3.0,13666,0.12372130483108748,42390
18.0,1.0,3.0,91893,0.32201582222513425,92332
18.0,1.0,3.0,91893,0.1571806006764716,90956
18.0,1.0,3.0,91893,0.14218383240432558,73551
18.0,1.0,3.0,91893,0.13201703231113202,89645
18.0,1.0,3.0,91893,0.12955446005949758,43464
19.0,1.0,3.0,10787,0.14906247062761624,55603
19.0,1.0,3.0,10787,0.14754271682837833,3076
19.0,1.0,3.0,10787,0.1397467345957262,3077
19.0,1.0,3.0,10787,0.13531044108701218,89645
19.0,1.0,3.0,10787,0.13082641547368976,64078
20.0,1.0,3.0,17804,0.1284774996535301,13861
20.0,1.0,3.0,17804,0.1013625316813434,40044
20.0,1.0,3.0,17804,0.100127316601166,30801
20.0,1.0,3.0,17804,0.09889247536780237,38661
20.0,1.0,3.0,17804,0.08553134246964396,26845
21.0,1.0,3.0,31805,0.11880699600265984,34082
21.0,1.0,3.0,31805,0.1026210263506857,31498
21.0,1.0,3.0,31805,0.07966283794696428,11972
21.0,1.0,3.0,31805,0.07649367360309692,252916
21.0,1.0,3.0,31805,0.06885885612744848,55872
22.0,1.0,3.0,13861,0.17169604809797262,28668
22.0,1.0,3.0,13861,0.1284774996535301,17804
22.0,1.0,3.0,13861,0.09975570629651744,252916
22.0,1.0,3.0,13861,0.09010865725594218,38453
22.0,1.0,3.0,13861,0.0884721621468512,38461
23.0,1.0,3.0,29021,0.18686598303647325,89645
23.0,1.0,3.0,29021,0.11000191820616939,55603
23.0,1.0,3.0,29021,0.10418475301814134,91893
23.0,1.0,3.0,29021,0.1011226335597726,38460
23.0,1.0,3.0,29021,0.09601825503554022,3529
24.0,1.0,3.0,31812,0.10617020218383755,55872
24.0,1.0,3.0,31812,0.08727010816131378,38470
24.0,1.0,3.0,31812,0.08053178279027357,38774
24.0,1.0,3.0,31812,0.07504912911416847,73551
24.0,1.0,3.0,31812,0.0635171721113519,86416
25.0,1.0,3.0,307,0.2293163001129258,159849
25.0,1.0,3.0,307,0.22164261931076237,244
25.0,1.0,3.0,307,0.20589442660450247,23336
25.0,1.0,3.0,307,0.20299653842405738,8016
25.0,1.0,3.0,307,0.15214637140735568,82088
26.0,1.0,3.0,18992,0.13747222466667128,13666
26.0,1.0,3.0,18992,0.13016711296878317,3529
26.0,1.0,3.0,18992,0.12894927258651143,3077
26.0,1.0,3.0,18992,0.116059345069038,43551
26.0,1.0,3.0,18992,0.10479717454562484,8016
27.0,1.0,3.0,27117,0.17987848145882,8016
27.0,1.0,3.0,27117,0.17033219548687206,20417
27.0,1.0,3.0,27117,0.11838685054641318,31498
27.0,1.0,3.0,27117,0.11322741912437621,11972
27.0,1.0,3.0,27117,0.107122837039574,33391
28.0,1.0,3.0,50553,0.17757489208251476,33394
28.0,1.0,3.0,50553,0.1502523618055653,11972
28.0,1.0,3.0,50553,0.1460735192105441,34327
28.0,1.0,3.0,50553,0.14420305006486758,38468
28.0,1.0,3.0,50553,0.13881029946297005,33391
29.0,1.0,3.0,44383,0.12009631248359558,23336
29.0,1.0,3.0,44383,0.11323465834015742,18706
29.0,1.0,3.0,44383,0.10454893519313438,38462
29.0,1.0,3.0,44383,0.09588653575652382,18705
29.0,1.0,3.0,44383,0.09092742451552083,23104
30.0,1.0,3.0,34082,0.13702973780108132,31980
30.0,1.0,3.0,34082,0.13517929655170427,11972
30.0,1.0,3.0,34082,0.11880699600265984,31805
30.0,1.0,3.0,34082,0.11388525817539355,70702
30.0,1.0,3.0,34082,0.11240802675576617,38458
31.0,1.0,3.0,25508,0.10466163339906372,42512
31.0,1.0,3.0,25508,0.10424460859480489,33391
31.0,1.0,3.0,25508,0.10238196285332193,43146
31.0,1.0,3.0,25508,0.09535784142584024,26845
31.0,1.0,3.0,25508,0.09279979328957459,45322
32.0,1.0,3.0,14589,0.21303343979363867,3529
32.0,1.0,3.0,14589,0.19122102922680623,14588
32.0,1.0,3.0,14589,0.18906548853248395,14595
32.0,1.0,3.0,14589,0.17961739795722467,14594
32.0,1.0,3.0,14589,0.15122514040898458,44296
33.0,1.0,3.0,14594,0.3865727684058814,14595
33.0,1.0,3.0,14594,0.22728305181957062,14590
33.0,1.0,3.0,14594,0.17961739795722467,14589
33.0,1.0,3.0,14594,0.17329371284800116,14588
33.0,1.0,3.0,14594,0.17295238658309306,3529
34.0,1.0,3.0,14590,0.3273582504534434,14595
34.0,1.0,3.0,14590,0.22728305181957062,14594
34.0,1.0,3.0,14590,0.14512288694440964,3529
34.0,1.0,3.0,14590,0.12220237312433274,14588
34.0,1.0,3.0,14590,0.11871867319277682,14589
35.0,1.0,3.0,14588,0.20463967975583214,14595
35.0,1.0,3.0,14588,0.19122102922680623,14589
35.0,1.0,3.0,14588,0.18969073501756945,73551
35.0,1.0,3.0,14588,0.17329371284800116,14594
35.0,1.0,3.0,14588,0.16304239936301573,3529
36.0,1.0,3.0,14595,0.3865727684058814,14594
36.0,1.0,3.0,14595,0.3273582504534434,14590
36.0,1.0,3.0,14595,0.20463967975583214,14588
36.0,1.0,3.0,14595,0.19703573338799713,3529
36.0,1.0,3.0,14595,0.18906548853248395,14589
37.0,1.0,3.0,17481,0.11493642020811042,18706
37.0,1.0,3.0,17481,0.10909685426984173,38469
37.0,1.0,3.0,17481,0.10385793576902871,34327
37.0,1.0,3.0,17481,0.10198277742206012,91893
37.0,1.0,3.0,17481,0.1005274204489845,14594
38.0,1.0,3.0,27118,0.11870555915581886,50401
38.0,1.0,3.0,27118,0.11077419993847323,20417
38.0,1.0,3.0,27118,0.10765534513052612,50553
38.0,1.0,3.0,27118,0.10555345417150036,20408
38.0,1.0,3.0,27118,0.10413533487461334,33419
39.0,1.0,3.0,2202,0.177656457582094,11972
39.0,1.0,3.0,2202,0.1619146699107678,43398
39.0,1.0,3.0,2202,0.1613756058568834,90956
39.0,1.0,3.0,2202,0.15771583523752178,40044
39.0,1.0,3.0,2202,0.1315783190149519,252916
40.0,1.0,3.0,20408,0.1506637262800198,73551
40.0,1.0,3.0,20408,0.13290304121613822,20417
40.0,1.0,3.0,20408,0.1277314175678882,56511
40.0,1.0,3.0,20408,0.10999460289941658,33421
40.0,1.0,3.0,20408,0.10932243114792073,47883
41.0,1.0,3.0,18706,0.1282960038198246,74384
41.0,1.0,3.0,18706,0.12545590176820795,60061
41.0,1.0,3.0,18706,0.1231901756531747,3529
41.0,1.0,3.0,18706,0.1229909434643781,252916
41.0,1.0,3.0,18706,0.1227380083609928,33419
42.0,1.0,3.0,34327,0.1460735192105441,50553
42.0,1.0,3.0,34327,0.14509865200110073,38461
42.0,1.0,3.0,34327,0.1154633735629362,61546
42.0,1.0,3.0,34327,0.11333359269364042,20417
42.0,1.0,3.0,34327,0.11028665821220361,64077
43.0,1.0,3.0,20417,0.18186611893918495,38471
43.0,1.0,3.0,20417,0.17033219548687206,27117
43.0,1.0,3.0,20417,0.16088536911704207,56516
43.0,1.0,3.0,20417,0.13572833020032632,90956
43.0,1.0,3.0,20417,0.13417935625259875,29487
44.0,1.0,3.0,28421,0.10574056196881798,10787
44.0,1.0,3.0,28421,0.10492913530562248,33421
44.0,1.0,3.0,28421,0.07845387076352203,28425
44.0,1.0,3.0,28421,0.0772715720596738,55603
44.0,1.0,3.0,28421,0.07320459159410155,47401
45.0,1.0,3.0,27503,0.12100407889478326,29239
45.0,1.0,3.0,27503,0.10231566877567178,3076
45.0,1.0,3.0,27503,0.10079927940111513,166904
45.0,1.0,3.0,27503,0.09563286809197032,43551
45.0,1.0,3.0,27503,0.08404946806519938,74384
46.0,1.0,3.0,43149,0.245803725709506,244
46.0,1.0,3.0,43149,0.12410264159325794,43388
46.0,1.0,3.0,43149,0.12062566806189381,73551
46.0,1.0,3.0,43149,0.1183946194469655,61546
46.0,1.0,3.0,43149,0.09118167835673884,3077
47.0,1.0,3.0,27970,0.10959052927770788,3077
47.0,1.0,3.0,27970,0.06987906663133867,3103
47.0,1.0,3.0,27970,0.06461871169759714,33393
47.0,1.0,3.0,27970,0.06033929207154551,166904
47.0,1.0,3.0,27970,0.05930620078377892,3035
48.0,1.0,3.0,23336,0.3841797671205339,159849
48.0,1.0,3.0,23336,0.20589442660450247,307
48.0,1.0,3.0,23336,0.17611590138713995,8016
48.0,1.0,3.0,23336,0.1698010577533406,47401
48.0,1.0,3.0,23336,0.1530030963354887,9797
49.0,1.0,3.0,9797,0.2043014522326965,61546
49.0,1.0,3.0,9797,0.18556608830164067,43551
49.0,1.0,3.0,9797,0.17396807314339596,38458
49.0,1.0,3.0,9797,0.1530030963354887,23336
49.0,1.0,3.0,9797,0.1389601502519887,4558
50.0,1.0,3.0,31980,0.1685729013302784,38460
50.0,1.0,3.0,31980,0.16778162840076993,180819
50.0,1.0,3.0,31980,0.16641248946503703,40045
50.0,1.0,3.0,31980,0.16377461302514537,38461
50.0,1.0,3.0,31980,0.15797990263715453,252916
51.0,1.0,3.0,4558,0.1675732344705377,11972
51.0,1.0,3.0,4558,0.1522971588200413,43551
51.0,1.0,3.0,4558,0.14597494062754807,61546
51.0,1.0,3.0,4558,0.14235308801323232,31498
51.0,1.0,3.0,4558,0.14123907532147867,29487
52.0,1.0,3.0,43388,0.14144164447572444,73551
52.0,1.0,3.0,43388,0.12410264159325794,43149
52.0,1.0,3.0,43388,0.12173938303956924,91893
52.0,1.0,3.0,43388,0.11459041313561029,38469
52.0,1.0,3.0,43388,0.11274518134885256,244
53.0,1.0,3.0,30801,0.12814267297315213,43551
53.0,1.0,3.0,30801,0.1267573360169207,252916
53.0,1.0,3.0,30801,0.1200344348419041,11972
53.0,1.0,3.0,30801,0.11701575463142523,3077
53.0,1.0,3.0,30801,0.11550959027011162,90956
54.0,1.0,3.0,42390,0.1332910671839762,33391
54.0,1.0,3.0,42390,0.12372130483108748,13666
54.0,1.0,3.0,42390,0.11602184443205836,3938
54.0,1.0,3.0,42390,0.11412128265822691,31980
54.0,1.0,3.0,42390,0.11406780747550958,3077
55.0,1.0,3.0,44875,0.12049736370695711,33394
55.0,1.0,3.0,44875,0.11135482876978658,3529
55.0,1.0,3.0,44875,0.10497097404589241,60061
55.0,1.0,3.0,44875,0.10069472687988788,47401
55.0,1.0,3.0,44875,0.09855247435224546,33391
56.0,1.0,3.0,8016,0.20299653842405738,307
56.0,1.0,3.0,8016,0.17987848145882,27117
56.0,1.0,3.0,8016,0.17611590138713995,23336
56.0,1.0,3.0,8016,0.13786254952020627,60061
56.0,1.0,3.0,8016,0.1270474791893204,82088
57.0,1.0,3.0,46594,0.10050067642834028,29487
57.0,1.0,3.0,46594,0.0914389047365516,11972
57.0,1.0,3.0,46594,0.08127533076565603,115706
57.0,1.0,3.0,46594,0.07850876591043356,85231
57.0,1.0,3.0,46594,0.07815085309046443,27117
58.0,1.0,3.0,22965,0.15688462140872306,59701
58.0,1.0,3.0,22965,0.1440543891437251,59706
58.0,1.0,3.0,22965,0.13862372184820834,33391
58.0,1.0,3.0,22965,0.11679531420717458,252916
58.0,1.0,3.0,22965,0.1094955069998352,33708
59.0,1.0,3.0,26845,0.30843493688216195,18994
59.0,1.0,3.0,26845,0.22405752638728277,40044
59.0,1.0,3.0,26845,0.2132658709877266,40214
59.0,1.0,3.0,26845,0.18874122591194328,38661
59.0,1.0,3.0,26845,0.17238903929126168,55873
60.0,1.0,3.0,18994,0.30843493688216195,26845
60.0,1.0,3.0,18994,0.1236766317360926,38661
60.0,1.0,3.0,18994,0.12345803458366125,40044
60.0,1.0,3.0,18994,0.11836743827543403,56511
60.0,1.0,3.0,18994,0.10678437266580033,74384
61.0,1.0,3.0,31506,0.21103270901519705,42512
61.0,1.0,3.0,31506,0.13988758781120225,73551
61.0,1.0,3.0,31506,0.11451827811091746,244
61.0,1.0,3.0,31506,0.10688497016316459,29487
61.0,1.0,3.0,31506,0.09768824856744879,3077
62.0,1.0,3.0,42512,0.21103270901519705,31506
62.0,1.0,3.0,42512,0.15101844151122906,33391
62.0,1.0,3.0,42512,0.13360735527536988,43146
62.0,1.0,3.0,42512,0.12235779406469383,47884
62.0,1.0,3.0,42512,0.11963202817055515,160162
63.0,1.0,3.0,11972,0.2155212863161565,252916
63.0,1.0,3.0,11972,0.20860436604357985,43551
63.0,1.0,3.0,11972,0.20426171534632778,61546
63.0,1.0,3.0,11972,0.20027898198969357,3076
63.0,1.0,3.0,11972,0.19798889466652722,82088
64.0,1.0,3.0,38661,0.23252023602340582,40044
64.0,1.0,3.0,38661,0.18874122591194328,26845
64.0,1.0,3.0,38661,0.16114109251963002,40045
64.0,1.0,3.0,38661,0.15816223361530757,73551
64.0,1.0,3.0,38661,0.14031706948501083,40214
65.0,1.0,3.0,40044,0.24285552201936134,40045
65.0,1.0,3.0,40044,0.23252023602340582,38661
65.0,1.0,3.0,40044,0.2263677111101861,40214
65.0,1.0,3.0,40044,0.22405752638728277,26845
65.0,1.0,3.0,40044,0.19984687373284357,55873
66.0,1.0,3.0,40214,0.29664291444918,40045
66.0,1.0,3.0,40214,0.22873252366443858,55873
66.0,1.0,3.0,40214,0.2263677111101861,40044
66.0,1.0,3.0,40214,0.2132658709877266,26845
66.0,1.0,3.0,40214,0.18800657771861717,55872
67.0,1.0,3.0,40045,0.29664291444918,40214
67.0,1.0,3.0,40045,0.24285552201936134,40044
67.0,1.0,3.0,40045,0.23750571077248261,55872
67.0,1.0,3.0,40045,0.20467085718418626,55873
67.0,1.0,3.0,40045,0.17949813458846425,33386
68.0,1.0,3.0,43177,0.1253848596704644,61855
68.0,1.0,3.0,43177,0.11998636531351363,43398
68.0,1.0,3.0,43177,0.11888271126086071,82237
68.0,1.0,3.0,43177,0.11110337369097441,50553
68.0,1.0,3.0,43177,0.1011180784689832,3077
69.0,1.0,3.0,32862,0.1427869684711319,64077
69.0,1.0,3.0,32862,0.1353430632008309,3076
69.0,1.0,3.0,32862,0.13298215633653643,33391
69.0,1.0,3.0,32862,0.12807644053538872,252916
69.0,1.0,3.0,32862,0.12648243034047435,59589
70.0,1.0,3.0,159849,0.3841797671205339,23336
70.0,1.0,3.0,159849,0.2293163001129258,307
70.0,1.0,3.0,159849,0.15006108053785633,244
70.0,1.0,3.0,159849,0.13610407229428273,82088
70.0,1.0,3.0,159849,0.10552737293167015,4558
71.0,1.0,3.0,42818,0.34020865889830637,43146
71.0,1.0,3.0,42818,0.32347685727542735,43873
71.0,1.0,3.0,42818,0.08683930195641673,90955
71.0,1.0,3.0,42818,0.08569866895804991,3529
71.0,1.0,3.0,42818,0.08362226031543814,31980
72.0,1.0,3.0,43873,0.32347685727542735,42818
72.0,1.0,3.0,43873,0.27896349625554956,43146
72.0,1.0,3.0,43873,0.181999332662117,3077
72.0,1.0,3.0,43873,0.16405554456713356,252916
72.0,1.0,3.0,43873,0.1488788072819961,55603
73.0,1.0,3.0,43146,0.34020865889830637,42818
73.0,1.0,3.0,43146,0.27896349625554956,43873
73.0,1.0,3.0,43146,0.13360735527536988,42512
73.0,1.0,3.0,43146,0.1168062737256056,33391
73.0,1.0,3.0,43146,0.10284024344938994,26845
74.0,1.0,3.0,35022,0.1236826046331872,90956
74.0,1.0,3.0,35022,0.11016629799968816,28668
74.0,1.0,3.0,35022,0.10853383156515298,252916
74.0,1.0,3.0,35022,0.10302615595751367,3077
74.0,1.0,3.0,35022,0.10157977213513619,23280
75.0,1.0,3.0,38464,0.26738939656457095,38467
75.0,1.0,3.0,38464,0.11240527731537976,38456
75.0,1.0,3.0,38464,0.09921839590244494,38462
75.0,1.0,3.0,38464,0.09872974318950788,3529
75.0,1.0,3.0,38464,0.09330005123788931,33395
76.0,1.0,3.0,85715,0.11190231736727002,11972
76.0,1.0,3.0,85715,0.11056725841648665,82088
76.0,1.0,3.0,85715,0.11019177760593442,252916
76.0,1.0,3.0,85715,0.10715516972260682,3077
76.0,1.0,3.0,85715,0.10463044661229319,61546
77.0,1.0,3.0,129417,0.11383418400995542,43551
77.0,1.0,3.0,129417,0.10456442337230902,9797
77.0,1.0,3.0,129417,0.10417950361504358,31498
77.0,1.0,3.0,129417,0.10403804042990314,3077
77.0,1.0,3.0,129417,0.10236728071622303,61546
78.0,1.0,3.0,33395,0.1312041150843283,38459
78.0,1.0,3.0,33395,0.1172150485383347,38455
78.0,1.0,3.0,33395,0.1163676327162215,33387
78.0,1.0,3.0,33395,0.11386341490042654,33391
78.0,1.0,3.0,33395,0.11295195796362935,38462
79.0,1.0,3.0,33421,0.15331661279374703,56516
79.0,1.0,3.0,33421,0.1457312621909355,61546
79.0,1.0,3.0,33421,0.14247779291852294,33391
79.0,1.0,3.0,33421,0.12686658628191874,82088
79.0,1.0,3.0,33421,0.11634095740192482,43551
80.0,1.0,3.0,23104,0.1280943612614846,33391
80.0,1.0,3.0,23104,0.12193738915463498,23336
80.0,1.0,3.0,23104,0.11959402995646193,29328
80.0,1.0,3.0,23104,0.11672235178633363,33708
80.0,1.0,3.0,23104,0.11497925856860533,40045
81.0,1.0,3.0,45322,0.12716440529636117,87881
81.0,1.0,3.0,45322,0.11052515752868738,32023
81.0,1.0,3.0,45322,0.09305370440589053,33391
81.0,1.0,3.0,45322,0.09279979328957459,25508
81.0,1.0,3.0,45322,0.0924928431415474,23280
82.0,1.0,3.0,206145,0.2094951949124056,55872
82.0,1.0,3.0,206145,0.18501686988955374,40214
82.0,1.0,3.0,206145,0.13416970415843577,26845
82.0,1.0,3.0,206145,0.12898353813737784,90956
82.0,1.0,3.0,206145,0.12424773554532437,40045
83.0,1.0,3.0,59581,0.21380024986576834,90956
83.0,1.0,3.0,59581,0.17487086642242752,59566
83.0,1.0,3.0,59581,0.1689886512578945,59589
83.0,1.0,3.0,59581,0.16218561412885266,59584
83.0,1.0,3.0,59581,0.12472027988496384,33390
84.0,1.0,3.0,92332,0.32201582222513425,91893
84.0,1.0,3.0,92332,0.1414841520161832,11972
84.0,1.0,3.0,92332,0.12958028530877327,43551
84.0,1.0,3.0,92332,0.12007823904354799,3077
84.0,1.0,3.0,92332,0.11761881920798778,38273
85.0,1.0,3.0,61546,0.2043014522326965,9797
85.0,1.0,3.0,61546,0.20426171534632778,11972
85.0,1.0,3.0,61546,0.19957386431707103,87881
85.0,1.0,3.0,61546,0.17446232607593684,252916
85.0,1.0,3.0,61546,0.16855592182691345,3076
86.0,1.0,3.0,59566,0.19982286983443778,18705
86.0,1.0,3.0,59566,0.17487086642242752,59581
86.0,1.0,3.0,59566,0.1568324123781907,59589
86.0,1.0,3.0,59566,0.14827162696630908,59706
86.0,1.0,3.0,59566,0.14614545847184005,59584
87.0,1.0,3.0,38774,0.1820691553510857,18705
87.0,1.0,3.0,38774,0.11987889684991365,38458
87.0,1.0,3.0,38774,0.11958049641265833,73551
87.0,1.0,3.0,38774,0.1122295888116788,59566
87.0,1.0,3.0,38774,0.10989044073030368,59589
88.0,1.0,3.0,29484,0.19047407787098344,38456
88.0,1.0,3.0,29484,0.19001141076243713,38459
88.0,1.0,3.0,29484,0.08652723506054248,74545
88.0,1.0,3.0,29484,0.078812280743998,50401
88.0,1.0,3.0,29484,0.07630139180183167,59701
89.0,1.0,3.0,18705,0.19982286983443778,59566
89.0,1.0,3.0,18705,0.1820691553510857,38774
89.0,1.0,3.0,18705,0.16408336070403298,59706
89.0,1.0,3.0,18705,0.14938070307062679,59584
89.0,1.0,3.0,18705,0.1334130014673846,59589
90.0,1.0,3.0,86416,0.11712971089999086,28425
90.0,1.0,3.0,86416,0.09998872475951892,38470
90.0,1.0,3.0,86416,0.0757802754315609,149793
90.0,1.0,3.0,86416,0.0746992148859582,184328
90.0,1.0,3.0,86416,0.07091665323250629,156603
91.0,1.0,3.0,59706,0.22419763735079054,59701
91.0,1.0,3.0,59706,0.18661712927409987,59589
91.0,1.0,3.0,59706,0.16408336070403298,18705
91.0,1.0,3.0,59706,0.14827162696630908,59566
91.0,1.0,3.0,59706,0.14480688787491058,64077
92.0,1.0,3.0,68143,0.25522171641004787,29829
92.0,1.0,3.0,68143,0.22741226869635353,44173
92.0,1.0,3.0,68143,0.1568086340887672,59584
92.0,1.0,3.0,68143,0.0852471223440272,14590
92.0,1.0,3.0,68143,0.0843708923602394,38461
93.0,1.0,3.0,33390,0.2424893569236245,38467
93.0,1.0,3.0,33390,0.1909544530861937,31498
93.0,1.0,3.0,33390,0.161332254944532,29243
93.0,1.0,3.0,33390,0.1433781093919959,29239
93.0,1.0,3.0,33390,0.13629041560267957,252916
94.0,1.0,3.0,33391,0.18566577566936962,3529
94.0,1.0,3.0,33391,0.1745216529748112,31498
94.0,1.0,3.0,33391,0.17452121376161783,13666
94.0,1.0,3.0,33391,0.1732348829576634,47884
94.0,1.0,3.0,33391,0.16660946273441224,11972
95.0,1.0,3.0,74545,0.1913297438793396,74384
95.0,1.0,3.0,74545,0.14014815977995754,43551
95.0,1.0,3.0,74545,0.10676641071852505,20408
95.0,1.0,3.0,74545,0.10630759177789682,33391
95.0,1.0,3.0,74545,0.10607065604915039,38459
96.0,1.0,3.0,56508,0.34587914159293515,56512
96.0,1.0,3.0,56508,0.3008469010959157,56511
96.0,1.0,3.0,56508,0.25943390268135696,56515
96.0,1.0,3.0,56508,0.17115761406802982,56516
96.0,1.0,3.0,56508,0.1373379630479674,252916
97.0,1.0,3.0,38453,0.13130938855322233,33394
97.0,1.0,3.0,38453,0.1278573611183021,38461
97.0,1.0,3.0,38453,0.12021106649232641,33387
97.0,1.0,3.0,38453,0.10283609855770541,64077
97.0,1.0,3.0,38453,0.1012689458818005,38462
98.0,1.0,3.0,59584,0.18042987972017246,59589
98.0,1.0,3.0,59584,0.16218561412885266,59581
98.0,1.0,3.0,59584,0.1568086340887672,68143
98.0,1.0,3.0,59584,0.14938070307062679,18705
98.0,1.0,3.0,59584,0.1470992815249086,29829
99.0,1.0,3.0,47404,0.14746772092724558,47401
99.0,1.0,3.0,47404,0.11462955906964481,14589
99.0,1.0,3.0,47404,0.11435349943224694,3529
99.0,1.0,3.0,47404,0.0960578589373665,14588
99.0,1.0,3.0,47404,0.08970575335263542,14590
100.0,1.0,3.0,59589,0.18661712927409987,59706
100.0,1.0,3.0,59589,0.18042987972017246,59584
100.0,1.0,3.0,59589,0.1689886512578945,59581
100.0,1.0,3.0,59589,0.1568324123781907,59566
100.0,1.0,3.0,59589,0.15324820395493097,31980
101.0,1.0,3.0,38273,0.15474137877485297,3077
101.0,1.0,3.0,38273,0.13094619993530254,229
101.0,1.0,3.0,38273,0.12744345028343917,3529
101.0,1.0,3.0,38273,0.11850680376375602,38470
101.0,1.0,3.0,38273,0.11761881920798778,92332
102.0,1.0,3.0,64078,0.16402673862192846,29487
102.0,1.0,3.0,64078,0.1553104226158051,44296
102.0,1.0,3.0,64078,0.1419004107889725,38457
102.0,1.0,3.0,64078,0.13709281679372717,90956
102.0,1.0,3.0,64078,0.13473491370869453,3077
103.0,1.0,3.0,64076,0.1189074471881491,23280
103.0,1.0,3.0,64076,0.11363214951789274,59701
103.0,1.0,3.0,64076,0.11148435957988481,3529
103.0,1.0,3.0,64076,0.09947335360950979,20408
103.0,1.0,3.0,64076,0.09924730925652804,42512
104.0,1.0,3.0,64077,0.16692045578971437,61546
104.0,1.0,3.0,64077,0.16631446259683552,3076
104.0,1.0,3.0,64077,0.15644234138663857,3529
104.0,1.0,3.0,64077,0.15469311470788852,11972
104.0,1.0,3.0,64077,0.15419703999808307,3077
105.0,1.0,3.0,160162,0.13840691397895905,171346
105.0,1.0,3.0,160162,0.11963202817055515,42512
105.0,1.0,3.0,160162,0.10068654056421658,23338
105.0,1.0,3.0,160162,0.09685987798391554,33391
105.0,1.0,3.0,160162,0.09550137434197666,43146
106.0,1.0,3.0,195522,0.10512600379126452,38774
106.0,1.0,3.0,195522,0.06665666301863178,38467
106.0,1.0,3.0,195522,0.05910372993605321,50401
106.0,1.0,3.0,195522,0.05773645160571392,38454
106.0,1.0,3.0,195522,0.05521416439325392,17804
107.0,1.0,3.0,47401,0.1698010577533406,23336
107.0,1.0,3.0,47401,0.16701933303135166,3529
107.0,1.0,3.0,47401,0.14746772092724558,47404
107.0,1.0,3.0,47401,0.13961578920942075,14588
107.0,1.0,3.0,47401,0.13767451291064967,61546
108.0,1.0,3.0,59701,0.22419763735079054,59706
108.0,1.0,3.0,59701,0.15688462140872306,22965
108.0,1.0,3.0,59701,0.15637889260769564,38456
108.0,1.0,3.0,59701,0.12230587604669035,61855
108.0,1.0,3.0,59701,0.1158162304963837,60061
109.0,1.0,3.0,38467,0.26738939656457095,38464
109.0,1.0,3.0,38467,0.2424893569236245,33390
109.0,1.0,3.0,38467,0.13807949057640356,38456
109.0,1.0,3.0,38467,0.12899614953245092,38469
109.0,1.0,3.0,38467,0.12270828599730833,38462
110.0,1.0,3.0,38462,0.17470964339890394,38465
110.0,1.0,3.0,38462,0.17120862047715535,38468
110.0,1.0,3.0,38462,0.15946603812136834,38457
110.0,1.0,3.0,38462,0.15791757986575586,38472
110.0,1.0,3.0,38462,0.14581065892404185,38470
111.0,1.0,3.0,29328,0.17571179151972718,3076
111.0,1.0,3.0,29328,0.15020444581307152,33391
111.0,1.0,3.0,29328,0.14656965380281406,55603
111.0,1.0,3.0,29328,0.14211401886767389,11972
111.0,1.0,3.0,29328,0.13646523896842638,90955
112.0,1.0,3.0,38455,0.1547395857803361,11972
112.0,1.0,3.0,38455,0.1334185091559314,4558
112.0,1.0,3.0,38455,0.12897596443789128,38468
112.0,1.0,3.0,38455,0.1240569788797129,90955
112.0,1.0,3.0,38455,0.11981542506856199,14594
113.0,1.0,3.0,33386,0.17949813458846425,40045
113.0,1.0,3.0,33386,0.14968072261250093,33392
113.0,1.0,3.0,33386,0.1357430834455464,55603
113.0,1.0,3.0,33386,0.13471064504877603,31980
113.0,1.0,3.0,33386,0.12663406812237873,3077
114.0,1.0,3.0,25148,0.10558556112756462,55603
114.0,1.0,3.0,25148,0.10014418025154481,90460
114.0,1.0,3.0,25148,0.09836126517479174,38455
114.0,1.0,3.0,25148,0.09685052791050512,59584
114.0,1.0,3.0,25148,0.09462574632320972,29328
115.0,1.0,3.0,28044,0.12266704826830631,60061
115.0,1.0,3.0,28044,0.1202266991335164,28425
115.0,1.0,3.0,28044,0.11744519521369022,29239
115.0,1.0,3.0,28044,0.1038709899840259,38463
115.0,1.0,3.0,28044,0.10219926577302846,252916
116.0,1.0,3.0,43398,0.1644180137455099,82237
116.0,1.0,3.0,43398,0.1619146699107678,2202
116.0,1.0,3.0,43398,0.1276166041219155,38459
116.0,1.0,3.0,43398,0.1220513970066103,29487
116.0,1.0,3.0,43398,0.11998636531351363,43177
117.0,1.0,3.0,33387,0.16230012124481513,52827
117.0,1.0,3.0,33387,0.13955277440148683,252916
117.0,1.0,3.0,33387,0.13382035804012973,38456
117.0,1.0,3.0,33387,0.12901320222952042,14595
117.0,1.0,3.0,33387,0.1260406408751874,50401
118.0,1.0,3.0,38457,0.15946603812136834,38462
118.0,1.0,3.0,38457,0.1536734532707194,38472
118.0,1.0,3.0,38457,0.1419004107889725,64078
118.0,1.0,3.0,38457,0.09444752942049812,38465
118.0,1.0,3.0,38457,0.09444228629637055,43873
119.0,1.0,3.0,33388,0.1455664433132087,38469
119.0,1.0,3.0,33388,0.14417471351585912,38456
119.0,1.0,3.0,33388,0.12016479743592368,33391
119.0,1.0,3.0,33388,0.11559329301440031,91893
119.0,1.0,3.0,33388,0.11070302945566898,73551
120.0,1.0,3.0,33389,0.15231797398522043,33394
120.0,1.0,3.0,33389,0.14110994246520192,23336
120.0,1.0,3.0,33389,0.13873713776303342,60061
120.0,1.0,3.0,33389,0.13188900980963558,47401
120.0,1.0,3.0,33389,0.1308399795238887,56511
121.0,1.0,3.0,33392,0.17812187156703385,89145
121.0,1.0,3.0,33392,0.15157300767859663,3077
121.0,1.0,3.0,33392,0.14968072261250093,33386
121.0,1.0,3.0,33392,0.14424211176509333,38462
121.0,1.0,3.0,33392,0.13887571808701818,90956
122.0,1.0,3.0,38458,0.17461141873033137,171346
122.0,1.0,3.0,38458,0.17396807314339596,9797
122.0,1.0,3.0,38458,0.12322488633918954,33392
122.0,1.0,3.0,38458,0.11987889684991365,38774
122.0,1.0,3.0,38458,0.1177051696814598,82088
123.0,1.0,3.0,33393,0.11835749812577664,33391
123.0,1.0,3.0,33393,0.11760594673139133,33389
123.0,1.0,3.0,33393,0.11165504219150042,38462
123.0,1.0,3.0,33393,0.10837446306677943,56511
123.0,1.0,3.0,33393,0.10188658884838653,38472
124.0,1.0,3.0,33394,0.17757489208251476,50553
124.0,1.0,3.0,33394,0.16404285045530684,33391
124.0,1.0,3.0,33394,0.15231797398522043,33389
124.0,1.0,3.0,33394,0.14558219725067076,38470
124.0,1.0,3.0,33394,0.134969956156155,38456
125.0,1.0,3.0,38461,0.16377461302514537,31980
125.0,1.0,3.0,38461,0.15962849062837256,61546
125.0,1.0,3.0,38461,0.14509865200110073,34327
125.0,1.0,3.0,38461,0.13876715574504805,28668
125.0,1.0,3.0,38461,0.13454149363251605,64077
126.0,1.0,3.0,38463,0.14517318225424586,38468
126.0,1.0,3.0,38463,0.12118650084106829,252916
126.0,1.0,3.0,38463,0.11837221546972866,38462
126.0,1.0,3.0,38463,0.11322289422839397,90956
126.0,1.0,3.0,38463,0.1038709899840259,28044
127.0,1.0,3.0,38454,0.1093301493208223,3529
127.0,1.0,3.0,38454,0.10683049929822146,42512
127.0,1.0,3.0,38454,0.09622151339165466,33391
127.0,1.0,3.0,38454,0.08093549995321342,44875
127.0,1.0,3.0,38454,0.07336944449969811,26845
128.0,1.0,3.0,38456,0.19047407787098344,29484
128.0,1.0,3.0,38456,0.18659005935744197,38459
128.0,1.0,3.0,38456,0.18584450587170795,14595
128.0,1.0,3.0,38456,0.15637889260769564,59701
128.0,1.0,3.0,38456,0.15555417425363094,38460
129.0,1.0,3.0,33708,0.16006995914504285,33391
129.0,1.0,3.0,33708,0.13131169792807923,29328
129.0,1.0,3.0,33708,0.13129371147784785,56516
129.0,1.0,3.0,33708,0.1301177556484263,252916
129.0,1.0,3.0,33708,0.12657761027821232,90956
130.0,1.0,3.0,51649,0.06898742690427423,90955
130.0,1.0,3.0,51649,0.0686148297348219,307
130.0,1.0,3.0,51649,0.06857401345102292,55603
130.0,1.0,3.0,51649,0.06740878007432412,74384
130.0,1.0,3.0,51649,0.06427290615201386,3035
131.0,1.0,3.0,38470,0.18164327921215406,171346
131.0,1.0,3.0,38470,0.14724416321825382,50401
131.0,1.0,3.0,38470,0.14581065892404185,38462
131.0,1.0,3.0,38470,0.14558219725067076,33394
131.0,1.0,3.0,38470,0.12299075936972226,38472
132.0,1.0,3.0,28668,0.17169604809797262,13861
132.0,1.0,3.0,28668,0.13876715574504805,38461
132.0,1.0,3.0,28668,0.13052336627836492,90465
132.0,1.0,3.0,28668,0.11016629799968816,35022
132.0,1.0,3.0,28668,0.10778254254377606,23336
133.0,1.0,3.0,38471,0.18186611893918495,20417
133.0,1.0,3.0,38471,0.16392613989650792,29487
133.0,1.0,3.0,38471,0.14623167360012826,180819
133.0,1.0,3.0,38471,0.12908844552466908,31980
133.0,1.0,3.0,38471,0.12133460971069127,38465
134.0,1.0,3.0,64075,0.10618754968820722,13666
134.0,1.0,3.0,64075,0.09612529720775344,33394
134.0,1.0,3.0,64075,0.0958069859866763,64078
134.0,1.0,3.0,64075,0.09403122975951607,56516
134.0,1.0,3.0,64075,0.0936782734454165,43398
135.0,1.0,3.0,38460,0.1685729013302784,31980
135.0,1.0,3.0,38460,0.15555417425363094,38456
135.0,1.0,3.0,38460,0.10946956642691819,91893
135.0,1.0,3.0,38460,0.1011226335597726,29021
135.0,1.0,3.0,38460,0.09452464552897485,38469
136.0,1.0,3.0,38459,0.19001141076243713,29484
136.0,1.0,3.0,38459,0.18659005935744197,38456
136.0,1.0,3.0,38459,0.15628919889569123,38468
136.0,1.0,3.0,38459,0.14096139440904032,38462
136.0,1.0,3.0,38459,0.1312041150843283,33395
137.0,1.0,3.0,65703,0.1044115199085847,23280
137.0,1.0,3.0,65703,0.0987156044391515,4558
137.0,1.0,3.0,65703,0.09329620005349887,18992
137.0,1.0,3.0,65703,0.0923538175035858,42512
137.0,1.0,3.0,65703,0.09167130346150644,3529
138.0,1.0,3.0,23338,0.1265379116184566,64077
138.0,1.0,3.0,23338,0.1203469701662182,73551
138.0,1.0,3.0,23338,0.11339338710597578,31980
138.0,1.0,3.0,23338,0.10797359631992692,82237
138.0,1.0,3.0,23338,0.10734158687856392,55872
139.0,1.0,3.0,55872,0.23750571077248261,40045
139.0,1.0,3.0,55872,0.2094951949124056,206145
139.0,1.0,3.0,55872,0.18800657771861717,40214
139.0,1.0,3.0,55872,0.1861666554731095,40044
139.0,1.0,3.0,55872,0.17807257145308705,55873
140.0,1.0,3.0,90956,0.21380024986576834,59581
140.0,1.0,3.0,90956,0.18488804935337233,252916
140.0,1.0,3.0,90956,0.18229601652066613,43551
140.0,1.0,3.0,90956,0.17747002607729417,11972
140.0,1.0,3.0,90956,0.17669390931515733,3077
141.0,1.0,3.0,90955,0.17487624754033035,38468
141.0,1.0,3.0,90955,0.17258948456503403,11972
141.0,1.0,3.0,90955,0.156526005674969,252916
141.0,1.0,3.0,90955,0.15217007215326775,38469
141.0,1.0,3.0,90955,0.14712312169187403,55603
142.0,1.0,3.0,47884,0.18487913773647116,47883
142.0,1.0,3.0,47884,0.17745326270288944,23280
142.0,1.0,3.0,47884,0.1732348829576634,33391
142.0,1.0,3.0,47884,0.15087003994706388,47882
142.0,1.0,3.0,47884,0.12930967280328973,40045
143.0,1.0,3.0,47882,0.335010611501466,47883
143.0,1.0,3.0,47882,0.15087003994706388,47884
143.0,1.0,3.0,47882,0.12800664235070675,23280
143.0,1.0,3.0,47882,0.11871431312723077,50553
143.0,1.0,3.0,47882,0.09534191217065538,38469
144.0,1.0,3.0,47883,0.335010611501466,47882
144.0,1.0,3.0,47883,0.21076751640647692,23280
144.0,1.0,3.0,47883,0.18487913773647116,47884
144.0,1.0,3.0,47883,0.10932243114792073,20408
144.0,1.0,3.0,47883,0.10092503709355,56511
145.0,1.0,3.0,38468,0.17487624754033035,90955
145.0,1.0,3.0,38468,0.17120862047715535,38462
145.0,1.0,3.0,38468,0.15628919889569123,38459
145.0,1.0,3.0,38468,0.14517318225424586,38463
145.0,1.0,3.0,38468,0.14463814047812637,3103
146.0,1.0,3.0,55603,0.20933336522473867,89645
146.0,1.0,3.0,55603,0.19135414396005243,3076
146.0,1.0,3.0,55603,0.17541946990632895,29487
146.0,1.0,3.0,55603,0.1718844125387041,252916
146.0,1.0,3.0,55603,0.14906247062761624,10787
147.0,1.0,3.0,87881,0.19957386431707103,61546
147.0,1.0,3.0,87881,0.12716440529636117,45322
147.0,1.0,3.0,87881,0.12463431648070504,128854
147.0,1.0,3.0,87881,0.12168556329355573,252916
147.0,1.0,3.0,87881,0.11885914354731303,11972
148.0,1.0,3.0,90460,0.1965612612537748,90461
148.0,1.0,3.0,90460,0.15067451391596504,3076
148.0,1.0,3.0,90460,0.13991065204596037,11972
148.0,1.0,3.0,90460,0.1369005053899671,90956
148.0,1.0,3.0,90460,0.12391435919596613,55603
149.0,1.0,3.0,90461,0.1965612612537748,90460
149.0,1.0,3.0,90461,0.11985223973838424,90956
149.0,1.0,3.0,90461,0.10617077553510934,73551
149.0,1.0,3.0,90461,0.09609741682106668,90465
149.0,1.0,3.0,90461,0.09037430416579972,29487
150.0,1.0,3.0,90465,0.13784519782871874,59706
150.0,1.0,3.0,90465,0.13052336627836492,28668
150.0,1.0,3.0,90465,0.11785405240841967,29487
150.0,1.0,3.0,90465,0.11586040698144977,30793
150.0,1.0,3.0,90465,0.1095538726964567,23280
151.0,1.0,3.0,38465,0.17470964339890394,38462
151.0,1.0,3.0,38465,0.12133460971069127,38471
151.0,1.0,3.0,38465,0.11125080560009229,33389
151.0,1.0,3.0,38465,0.10402309254379373,38467
151.0,1.0,3.0,38465,0.09898803377060181,38453
152.0,1.0,3.0,149793,0.08123157071175673,38465
152.0,1.0,3.0,149793,0.07928286266420548,47404
152.0,1.0,3.0,149793,0.0757802754315609,86416
152.0,1.0,3.0,149793,0.06901717395208304,44383
152.0,1.0,3.0,149793,0.054609257648821685,20417
153.0,1.0,3.0,45099,0.08899306367515154,55603
153.0,1.0,3.0,45099,0.08740373483968625,40044
153.0,1.0,3.0,45099,0.08236837250867698,8016
153.0,1.0,3.0,45099,0.08175204116795397,3035
153.0,1.0,3.0,45099,0.07981952850808902,156603
154.0,1.0,3.0,128854,0.1358879606743522,3035
154.0,1.0,3.0,128854,0.12463431648070504,87881
154.0,1.0,3.0,128854,0.11696238024297229,60061
154.0,1.0,3.0,128854,0.11408780233597784,43873
154.0,1.0,3.0,128854,0.11260881535423614,32023
155.0,1.0,3.0,38469,0.15217007215326775,90955
155.0,1.0,3.0,38469,0.1455664433132087,33388
155.0,1.0,3.0,38469,0.12899614953245092,38467
155.0,1.0,3.0,38469,0.11459041313561029,43388
155.0,1.0,3.0,38469,0.11401838361588955,38456
156.0,1.0,3.0,61855,0.1253848596704644,43177
156.0,1.0,3.0,61855,0.12230587604669035,59701
156.0,1.0,3.0,61855,0.12142699259293024,2202
156.0,1.0,3.0,61855,0.12086222191897505,89645
156.0,1.0,3.0,61855,0.11829386350953833,43398
157.0,1.0,3.0,38472,0.15791757986575586,38462
157.0,1.0,3.0,38472,0.1536734532707194,38457
157.0,1.0,3.0,38472,0.12299075936972226,38470
157.0,1.0,3.0,38472,0.11315818501970376,33392
157.0,1.0,3.0,38472,0.10668803805139243,50401
158.0,1.0,3.0,82237,0.1644180137455099,43398
158.0,1.0,3.0,82237,0.1581850291283386,52827
158.0,1.0,3.0,82237,0.15030935486021368,14589
158.0,1.0,3.0,82237,0.12423703190976694,115706
158.0,1.0,3.0,82237,0.12064479485179136,31498
159.0,1.0,3.0,50401,0.14724416321825382,38470
159.0,1.0,3.0,50401,0.14384903586393077,171346
159.0,1.0,3.0,50401,0.1260406408751874,33387
159.0,1.0,3.0,50401,0.11898677262373336,40044
159.0,1.0,3.0,50401,0.11870555915581886,27118
160.0,1.0,3.0,56511,0.4175741754472093,56512
160.0,1.0,3.0,56511,0.3092236223663789,56515
160.0,1.0,3.0,56511,0.3008469010959157,56508
160.0,1.0,3.0,56511,0.1973488190754008,56516
160.0,1.0,3.0,56511,0.1578363059991611,3077
161.0,1.0,3.0,56516,0.22427372655294683,56512
161.0,1.0,3.0,56516,0.1973488190754008,56511
161.0,1.0,3.0,56516,0.17115761406802982,56508
161.0,1.0,3.0,56516,0.16905473044239375,56515
161.0,1.0,3.0,56516,0.16088536911704207,20417
162.0,1.0,3.0,56512,0.4175741754472093,56511
162.0,1.0,3.0,56512,0.35534330631526095,56515
162.0,1.0,3.0,56512,0.34587914159293515,56508
162.0,1.0,3.0,56512,0.22427372655294683,56516
162.0,1.0,3.0,56512,0.17164014609014666,90956
163.0,1.0,3.0,56515,0.35534330631526095,56512
163.0,1.0,3.0,56515,0.3092236223663789,56511
163.0,1.0,3.0,56515,0.25943390268135696,56508
163.0,1.0,3.0,56515,0.16905473044239375,56516
163.0,1.0,3.0,56515,0.11055045178289044,3103
164.0,1.0,3.0,73551,0.18969073501756945,14588
164.0,1.0,3.0,73551,0.16625453859755873,90956
164.0,1.0,3.0,73551,0.15816223361530757,38661
164.0,1.0,3.0,73551,0.1506637262800198,20408
164.0,1.0,3.0,73551,0.149826950975826,40044
165.0,1.0,3.0,52827,0.16230012124481513,33387
165.0,1.0,3.0,52827,0.1581850291283386,82237
165.0,1.0,3.0,52827,0.13198162410313694,40044
165.0,1.0,3.0,52827,0.11659540037677922,31498
165.0,1.0,3.0,52827,0.10818157645904543,40045
166.0,1.0,3.0,105073,0.14264179133188942,90955
166.0,1.0,3.0,105073,0.12908207554876505,11972
166.0,1.0,3.0,105073,0.12879626016593246,64077
166.0,1.0,3.0,105073,0.12421803388966328,23280
166.0,1.0,3.0,105073,0.1241645167645041,38459
167.0,1.0,3.0,23280,0.21076751640647692,47883
167.0,1.0,3.0,23280,0.17745326270288944,47884
167.0,1.0,3.0,23280,0.16866397564049262,85231
167.0,1.0,3.0,23280,0.158051354073408,32023
167.0,1.0,3.0,23280,0.15118153943387555,31498
168.0,1.0,3.0,60061,0.17101085706468933,11972
168.0,1.0,3.0,60061,0.15836525837213175,3077
168.0,1.0,3.0,60061,0.13873713776303342,33389
168.0,1.0,3.0,60061,0.13786254952020627,8016
168.0,1.0,3.0,60061,0.13678917547746752,252916
169.0,1.0,3.0,43551,0.20860436604357985,11972
169.0,1.0,3.0,43551,0.18556608830164067,9797
169.0,1.0,3.0,43551,0.18229601652066613,90956
169.0,1.0,3.0,43551,0.18062946228573581,252916
169.0,1.0,3.0,43551,0.17108374342536534,70702
170.0,1.0,3.0,44296,0.1553104226158051,64078
170.0,1.0,3.0,44296,0.15122514040898458,14589
170.0,1.0,3.0,44296,0.1390969191688943,40044
170.0,1.0,3.0,44296,0.12605457058692826,29487
170.0,1.0,3.0,44296,0.12212728597590763,156603
171.0,1.0,3.0,89645,0.20933336522473867,55603
171.0,1.0,3.0,89645,0.18686598303647325,29021
171.0,1.0,3.0,89645,0.1695322573275502,185289
171.0,1.0,3.0,89645,0.15906745624092145,185273
171.0,1.0,3.0,89645,0.15878380723964014,252916
172.0,1.0,3.0,70702,0.17108374342536534,43551
172.0,1.0,3.0,70702,0.15257193061181548,252916
172.0,1.0,3.0,70702,0.1417368930039768,180819
172.0,1.0,3.0,70702,0.13606908342273996,3076
172.0,1.0,3.0,70702,0.13470905911199718,11972
173.0,1.0,3.0,89145,0.17812187156703385,33392
173.0,1.0,3.0,89145,0.11309385191827762,13666
173.0,1.0,3.0,89145,0.10751105282044408,33708
173.0,1.0,3.0,89145,0.10647172820671524,180819
173.0,1.0,3.0,89145,0.10424034286345614,3077
174.0,1.0,3.0,55873,0.22873252366443858,40214
174.0,1.0,3.0,55873,0.20467085718418626,40045
174.0,1.0,3.0,55873,0.19984687373284357,40044
174.0,1.0,3.0,55873,0.17807257145308705,55872
174.0,1.0,3.0,55873,0.17238903929126168,26845
175.0,1.0,3.0,186268,0.31050737339586837,184328
175.0,1.0,3.0,186268,0.2849494922611135,185273
175.0,1.0,3.0,186268,0.24118059311470774,185289
175.0,1.0,3.0,186268,0.16916456306253858,156603
175.0,1.0,3.0,186268,0.1432895507388839,115706
176.0,1.0,3.0,166904,0.1502306882152488,3077
176.0,1.0,3.0,166904,0.14968891601275086,185273
176.0,1.0,3.0,166904,0.1299575161185635,180819
176.0,1.0,3.0,166904,0.12982952792596622,115706
176.0,1.0,3.0,166904,0.12929469191747028,252916
177.0,1.0,3.0,3938,0.16309656190149646,33391
177.0,1.0,3.0,3938,0.12956104897965537,11972
177.0,1.0,3.0,3938,0.11602184443205836,42390
177.0,1.0,3.0,3938,0.11368737677596606,38469
177.0,1.0,3.0,3938,0.10202339467719858,55872
178.0,1.0,3.0,33419,0.14260792516603393,11972
178.0,1.0,3.0,33419,0.1361956192825436,64077
178.0,1.0,3.0,33419,0.13362173012232334,50553
178.0,1.0,3.0,33419,0.12980742859063682,3529
178.0,1.0,3.0,33419,0.1262917461917297,56511
179.0,1.0,3.0,85231,0.16866397564049262,23280
179.0,1.0,3.0,85231,0.13376987943762025,184328
179.0,1.0,3.0,85231,0.12174704810706086,64077
179.0,1.0,3.0,85231,0.11776438566718642,33391
179.0,1.0,3.0,85231,0.11755179822147627,90460
180.0,1.0,3.0,85232,0.15085471532609104,3077
180.0,1.0,3.0,85232,0.10363046379894453,20408
180.0,1.0,3.0,85232,0.10226031972345939,3103
180.0,1.0,3.0,85232,0.10219630871107918,33421
180.0,1.0,3.0,85232,0.09075949504654511,3529
181.0,1.0,3.0,185289,0.27646944124902273,185273
181.0,1.0,3.0,185289,0.2558465660080851,115706
181.0,1.0,3.0,185289,0.24186928023749577,184328
181.0,1.0,3.0,185289,0.24140345656044238,156603
181.0,1.0,3.0,185289,0.24118059311470774,186268
182.0,1.0,3.0,184328,0.31050737339586837,186268
182.0,1.0,3.0,184328,0.3102794584098242,185273
182.0,1.0,3.0,184328,0.24186928023749577,185289
182.0,1.0,3.0,184328,0.20703643076700587,252916
182.0,1.0,3.0,184328,0.17090485075515394,156603
183.0,1.0,3.0,185273,0.3102794584098242,184328
183.0,1.0,3.0,185273,0.2849494922611135,186268
183.0,1.0,3.0,185273,0.27646944124902273,185289
183.0,1.0,3.0,185273,0.2409677967216363,156603
183.0,1.0,3.0,185273,0.23174515628816483,115706
184.0,1.0,3.0,156603,0.24140345656044238,185289
184.0,1.0,3.0,156603,0.2409677967216363,185273
184.0,1.0,3.0,156603,0.18478630494657927,115706
184.0,1.0,3.0,156603,0.17090485075515394,184328
184.0,1.0,3.0,156603,0.16916456306253858,186268
185.0,1.0,3.0,180819,0.21000362785066407,252916
185.0,1.0,3.0,180819,0.16778162840076993,31980
185.0,1.0,3.0,180819,0.16725713672119272,185289
185.0,1.0,3.0,180819,0.16029929333863913,185273
185.0,1.0,3.0,180819,0.14623167360012826,38471
186.0,1.0,3.0,252916,0.2155212863161565,11972
186.0,1.0,3.0,252916,0.21000362785066407,180819
186.0,1.0,3.0,252916,0.20703643076700587,184328
186.0,1.0,3.0,252916,0.19738125676667823,3076
186.0,1.0,3.0,252916,0.19362313084728167,185273
187.0,1.0,3.0,115706,0.2558465660080851,185289
187.0,1.0,3.0,115706,0.23174515628816483,185273
187.0,1.0,3.0,115706,0.18478630494657927,156603
187.0,1.0,3.0,115706,0.17023149817779124,184328
187.0,1.0,3.0,115706,0.1571085311609754,89645
188.0,1.0,3.0,29487,0.17541946990632895,55603
188.0,1.0,3.0,29487,0.16402673862192846,64078
188.0,1.0,3.0,29487,0.16392613989650792,38471
188.0,1.0,3.0,29487,0.1455345338304086,90956
188.0,1.0,3.0,29487,0.14123907532147867,4558
189.0,1.0,3.0,29490,0.08814378549604146,3076
189.0,1.0,3.0,29490,0.07538021496002757,38273
189.0,1.0,3.0,29490,0.0657949740377915,30793
189.0,1.0,3.0,29490,0.06559433547992033,64076
189.0,1.0,3.0,29490,0.06340235549536988,43873
190.0,1.0,3.0,29829,0.25522171641004787,68143
190.0,1.0,3.0,29829,0.1470992815249086,59584
190.0,1.0,3.0,29829,0.13154775178041972,44173
190.0,1.0,3.0,29829,0.11782459911710913,3077
190.0,1.0,3.0,29829,0.11542387452422288,85231
191.0,1.0,3.0,44173,0.22741226869635353,68143
191.0,1.0,3.0,44173,0.13154775178041972,29829
191.0,1.0,3.0,44173,0.11263156493799481,59584
191.0,1.0,3.0,44173,0.09606926090459214,28668
191.0,1.0,3.0,44173,0.07823440278499812,47883
192.0,1.0,3.0,171346,0.18164327921215406,38470
192.0,1.0,3.0,171346,0.17461141873033137,38458
192.0,1.0,3.0,171346,0.14384903586393077,50401
192.0,1.0,3.0,171346,0.13840691397895905,160162
192.0,1.0,3.0,171346,0.12553813203536626,38459
193.0,1.0,3.0,28425,0.1202266991335164,28044
193.0,1.0,3.0,28425,0.11768486590011201,10787
193.0,1.0,3.0,28425,0.11712971089999086,86416
193.0,1.0,3.0,28425,0.10753347670095181,38468
193.0,1.0,3.0,28425,0.10003639243144596,92332
194.0,1.0,3.0,82088,0.19798889466652722,11972
194.0,1.0,3.0,82088,0.17437729319536305,90956
194.0,1.0,3.0,82088,0.1575574871261495,252916
194.0,1.0,3.0,82088,0.15214637140735568,307
194.0,1.0,3.0,82088,0.15024155985370333,43551
195.0,1.0,3.0,43464,0.15190125624110165,90956
195.0,1.0,3.0,43464,0.148856271460452,252916
195.0,1.0,3.0,43464,0.1333814274761308,33390
195.0,1.0,3.0,43464,0.12955446005949758,91893
195.0,1.0,3.0,43464,0.11932072614028298,3170
196.0,1.0,3.0,74384,0.1913297438793396,74545
196.0,1.0,3.0,74384,0.1523219142484032,3076
196.0,1.0,3.0,74384,0.1381007432390012,40045
196.0,1.0,3.0,74384,0.13586404540883135,3035
196.0,1.0,3.0,74384,0.131450556064286,61546
